Fondnr;Fondnamn;Fondkategori;2019;2018;2017;Snitt 5 år;Fondavgift (%);Risk senaste 36 mån;Beräknad
336115;Aberdeen Standard SICAV I - Asia Local Currency Short Term Bond Fund;Tillväxtmarknad ränta;8;5;-1;7;0,37;7;2019-05-14
865063;Aberdeen Standard SICAV I - European Equity (Ex UK) Fund;Europa;26;-2;16;10;0,61;12;2019-05-14
367698;Aberdeen Standard SICAV I - European Equity Fund;Europa;27;-5;15;8;0,61;13;2019-05-14
757575;Aberdeen Standard SICAV I - Japanese Equity Fund;Japan;12;-14;11;12;0,61;13;2019-05-14
192146;Aberdeen Standard SICAV I - Japanese Smaller Companies Fund;Japan;15;-7;18;17;0,61;14;2019-05-14
407775;Aberdeen Standard SICAV I - North American Equity Fund;USA och Nordamerika;23;1;8;14;0,61;14;2019-05-14
900894;Aberdeen Standard SICAV I - Select Euro High Yield Bond;Europa ränta;9;-1;8;7;0,37;7;2019-05-14
721746;Aberdeen Standard SICAV I- Select Emerging Markets Bond Fund;Tillväxtmarknad ränta;13;0;1;10;0,37;8;2019-05-14
848069;Aberdeen Standard SICAV I- Technology Equity Fund;IT och kommunikation;27;-1;18;16;0,69;15;2019-05-14
938845;AGCM Fund- Asia Growth Sub- Fund;Asien;20;-14;31;-;0,89;15;2019-05-13
182584;Aktia Capital;Norden;16;-5;7;10;0,74;13;2019-05-14
339473;Aktia Nordic Small Cap;Norden;27;-13;10;13;0,79;15;2019-05-14
308908;Aktie-Ansvar Avkastningsfond;Sverige kortränta;0;0;1;0;0,28;0;2019-05-14
344739;Aktie-Ansvar Sverige;Sverige;11;-4;8;9;0,62;11;2019-05-14
290072;Aktiespararna Topp Sverige;Sverige;16;-7;7;7;0,19;12;2019-05-14
147348;Alfred Berg Aktiv;Övriga länder;18;1;9;13;0,56;15;2019-05-13
320176;Alfred Berg Fastighetsfond Norden;Fastighet;20;14;11;19;0,64;14;2019-05-14
361733;Alfred Berg Korträntefond Hållbar;Sverige kortränta;0;-1;-1;0;0,18;0;2019-05-14
183178;Alfred Berg Norge;Övriga länder;17;0;10;11;0,47;14;2019-05-13
111518;Alfred Berg Obligasjon;Norden ränta;9;3;-2;2;0,22;7;2019-05-13
554691;Alfred Berg Obligationsfond Plus Hållbar;Sverige lång och realränta;2;2;0;3;0,22;3;2019-05-14
671982;Alfred Berg Ryssland;Ryssland;21;3;-2;12;0,79;15;2019-05-14
753731;Allianz China Equity;Kina;17;-12;23;15;0,89;14;2019-05-14
250878;Allianz Emerging Asia Equity;Asien;13;-20;24;10;0,89;13;2019-05-14
717900;Allianz Euro High Yield Bond;Övriga räntefonder;9;1;8;7;0,42;6;2019-05-14
682070;Allianz Europe Equity Growth;Europa;23;-11;17;11;0,74;14;2019-05-14
538751;Allianz Europe Small Cap Equity;Europa småbolag;27;-13;19;11;0,83;17;2019-05-14
502922;Allianz Global Metals and Mining;Råvaror och energi;9;-10;17;0;0,74;17;2019-05-14
395434;Allianz Thailand Equity;Övriga länder;16;-4;15;13;0,89;14;2019-05-14
467092;Allianz US High Yield;Övriga räntefonder;15;3;-5;9;0,42;10;2019-05-14
555102;Alpcot Equities;Global;13;-8;12;-;0,86;11;2019-05-13
823096;AMF Aktiefond Asien Stilla Havet;Asien;14;-5;18;12;0,18;11;2019-05-14
538462;AMF Aktiefond Europa;Europa;19;-8;13;8;0,18;12;2019-05-14
908277;AMF Aktiefond Global;Global;19;-1;11;14;0,18;11;2019-05-14
229682;AMF Aktiefond Mix;Global och Sverige;15;-5;10;10;0,18;10;2019-05-14
520692;AMF Aktiefond Nordamerika;USA och Nordamerika;21;5;8;18;0,18;13;2019-05-14
269357;AMF Aktiefond Småbolag;Sverige småbolag;20;-2;10;14;0,18;13;2019-05-14
681783;AMF Aktiefond Sverige;Sverige;14;-5;8;8;0,18;12;2019-05-14
645952;AMF Aktiefond Världen;Global och Sverige;16;-4;9;11;0,18;11;2019-05-14
610121;AMF Balansfond;Varierande;10;-2;6;7;0,18;7;2019-05-14
305185;AMF Räntefond Kort;Sverige kortränta;0;0;0;0;0,10;0;2019-05-14
574293;AMF Räntefond Lång;Sverige lång och realränta;2;1;1;2;0,10;1;2019-05-14
265512;AMF Räntefond Mix;Sverige lång och realränta;1;0;0;2;0,10;2;2019-05-14
303230;Amundi Funds Absolute Volatility World;Varierande;2;14;-26;3;0,53;13;2019-05-13
305003;Amundi Funds CPR Global Gold Mines;Råvaror och energi;8;-6;-5;2;0,71;25;2019-05-13
233346;Amundi Funds CPR Global Lifestyles;Övriga branscher;25;-5;13;15;0,71;14;2019-05-13
918367;Amundi Funds CPR Global Resources;Råvaror och energi;12;-10;2;5;0,71;14;2019-05-13
161687;Amundi Funds Equity Emerging World;Nya marknader;16;-10;20;9;0,68;11;2019-05-13
125856;Amundi Funds Equity Euro Concentrated;Europa;19;-13;13;6;0,58;14;2019-05-13
707638;Amundi Funds Equity Europe Concentrated;Europa;18;-13;10;5;0,58;13;2019-05-13
704502;Amundi Funds Equity Global Concentrated;Global;17;-9;6;11;0,58;13;2019-05-13
728824;Amundi Funds Equity Global Conservative;Global;20;1;4;14;0,59;11;2019-05-13
197632;Amundi Funds Equity Greater China;Kina;20;-8;24;14;0,74;14;2019-05-13
174490;Amundi Funds Equity Japan Value;Japan;10;-12;12;12;0,65;13;2019-05-13
204891;Amundi Funds Equity Latin America;Latinamerika;12;4;11;3;0,74;22;2019-05-13
197517;Amundi Funds Equity US Relative Value;USA och Nordamerika;19;-12;2;11;0,71;15;2019-05-13
233460;Amundi Funds SBI FM Equity India;Indien;11;-3;31;17;0,74;17;2019-05-13
882530;Amundi Funds Wells Fargo US MID Cap;USA och Nordamerika;25;-8;13;15;0,71;15;2019-05-13
581371;AP7 Aktiefond;Global;21;-3;18;16;0,09;13;2019-05-14
545541;AP7 Räntefond;Sverige lång och realränta;0;0;0;1;0,04;0;2019-05-14
734491;Avanza Zero - Fonden utan avgifter;Sverige;17;-7;8;7;0,00;12;2019-05-14
666313;Avaron Emerging Europe Fund;Östeuropa;7;-9;20;5;0,89;10;2019-05-13
281212;Axa Rosenberg All Country Asia Pacific Ex-Japan Equity Alpha Fund;Asien;15;-9;22;10;0,71;12;2019-05-10
245381;Axa Rosenberg All Country Asia Pacific Ex-Japan Small Cap Alpha;Asien;15;-8;11;9;0,70;13;2019-05-10
151001;Axa Rosenberg Eurobloc Equity Alpha Fund;Europa;17;-17;16;6;0,62;14;2019-05-13
294322;Axa Rosenberg Global Equity Alpha Fund;Global;20;-4;11;13;0,61;13;2019-05-13
317040;Axa Rosenberg Global Small Cap Alpha Fund B;Global;20;-16;7;10;0,67;15;2019-05-13
365981;Axa Rosenberg Japan Equity Alpha Fund;Japan;11;-13;16;13;0,63;12;2019-05-13
652628;Axa Rosenberg Japan Small Cap Alpha Fund;Japan;12;-12;21;14;0,69;14;2019-05-13
401810;Axa Rosenberg Pacific Ex-Japan Equity Alpha Fund;Asien;21;-6;13;9;0,62;12;2019-05-10
473470;Axa Rosenberg Pan-European Equity Alpha Fund;Europa;17;-13;12;5;0,63;12;2019-05-13
352872;Axa Rosenberg US Enhanced Index Equity Alpha Fund;USA och Nordamerika;22;2;9;17;0,41;14;2019-05-13
616797;Axa Rosenberg US Equity Alpha Fund;USA och Nordamerika;23;-2;9;16;0,60;15;2019-05-13
388702;Axa Rosenberg US Small Cap Alpha Fund B;USA och Nordamerika;22;-13;-2;11;0,67;19;2019-05-13
477729;Baring Asia Growth Fund;Asien;15;-15;43;15;0,58;13;2019-05-14
983593;Baring Eastern Europe Fund;Östeuropa;14;-8;9;7;0,65;13;2019-05-14
191080;Baring Global Emerging Markets Fund;Nya marknader;17;-10;32;12;0,65;13;2019-05-14
262741;Baring Global Resources Fund;Råvaror och energi;17;-15;6;3;0,65;15;2019-05-14
334409;Baring Hong Kong China Fund;Kina;19;-12;33;15;0,58;15;2019-05-14
235291;Baring Latin America Fund;Latinamerika;9;2;6;3;0,58;19;2019-05-14
551804;BL - Bond Dollar;Övriga räntefonder;10;8;-7;9;0,32;9;2019-05-13
153833;BL - Emerging Markets;Aggressiv;13;-5;9;7;0,55;9;2019-05-13
300996;BL - Equities America;USA och Nordamerika;25;4;12;18;0,54;13;2019-05-13
118000;BL - Equities Dividend;Global;20;2;10;10;0,55;10;2019-05-13
336826;BL - Equities Europe;Europa;18;-2;20;11;0,53;11;2019-05-13
480145;BL - Global 30;Försiktig;8;3;2;6;0,55;6;2019-05-13
444315;BL - Global 50;Balanserad;11;2;5;8;0,54;7;2019-05-13
408484;BL - Global 75;Aggressiv;14;1;8;10;0,54;8;2019-05-13
515973;BL - Global Bond Opportunities;Global ränta;7;2;3;5;0,31;6;2019-05-13
320358;BL - Global Equities;Global;18;-1;11;12;0,55;10;2019-05-13
647669;BL - Global Flexible EUR;Varierande;16;-1;11;10;0,53;9;2019-05-13
391896;BlackRock Global Funds -  China Fund;Kina;18;-14;24;17;0,59;15;2019-05-14
916122;BlackRock Global Funds -  Euro Markets Fund;Europa;21;-16;18;8;0,59;13;2019-05-14
696898;BlackRock Global Funds -  European Value Fund;Europa;16;-16;9;5;0,59;13;2019-05-14
302760;BlackRock Global Funds -  Global Allocation Fund;Varierande;14;-1;2;10;0,50;9;2019-05-14
768499;BlackRock Global Funds -  India Fund;Indien;8;-5;27;17;0,63;18;2019-05-14
159442;BlackRock Global Funds -  Japan Small & MidCap Opportunities Fund;Japan;10;-15;25;14;0,59;15;2019-05-14
661066;BlackRock Global Funds -  Latin American Fund;Latinamerika;9;4;14;5;0,65;21;2019-05-14
553578;BlackRock Global Funds -  New Energy Fund;Råvaror och energi;20;-6;13;10;0,65;12;2019-05-14
446088;BlackRock Global Funds -  Technology Fund;IT och kommunikation;34;8;38;28;0,59;19;2019-05-14
768556;BlackRock Global Funds -  US Basic Value Fund;USA och Nordamerika;18;-2;-3;12;0,59;15;2019-05-14
804385;BlackRock Global Funds -  US Flexible Equity Fund;USA och Nordamerika;18;-1;13;17;0,58;15;2019-05-14
625236;BlackRock Global Funds -  US Small & MidCap Opportunities Fund;USA och Nordamerika;19;-2;2;13;0,59;15;2019-05-14
517748;BlackRock Global Funds -  World Energy Fund;Råvaror och energi;19;-14;-10;-2;0,65;20;2019-05-14
410258;BlackRock Global Funds -  World Financials Fund;Övriga branscher;23;-8;20;13;0,59;18;2019-05-14
338590;BlackRock Global Funds -  World Gold Fund;Råvaror och energi;8;-9;-7;4;0,65;25;2019-05-14
374421;BlackRock Global Funds -  World Healthscience Fund;Läkemedel och bioteknik;11;14;10;17;0,59;13;2019-05-14
481911;BlackRock Global Funds -  World Mining Fund;Råvaror och energi;11;-9;18;2;0,65;20;2019-05-14
987784;BlackRock Global Funds - Emerging Europe Fund;Östeuropa;18;-8;11;7;0,70;12;2019-05-14
231100;BlackRock Global Funds - Emerging Markets Fund;Nya marknader;16;-3;28;11;0,60;11;2019-05-14
379024;C WorldWide Asia;Asien;18;-14;38;15;0,41;14;2019-05-14
384818;C WorldWide Global Equities;Global;21;-2;17;15;0,37;11;2019-05-14
106492;C WorldWide Global Equities Ethical;Global;21;3;16;15;0,37;11;2019-05-14
313155;C WorldWide Medical;Läkemedel och bioteknik;10;6;5;10;0,37;14;2019-05-14
538108;C WorldWide Medical Small & Mid Cap;Läkemedel och bioteknik;29;-7;30;19;0,39;28;2019-05-13
792697;C WorldWide Sweden;Sverige;19;-9;12;11;0,35;13;2019-05-14
721035;C WorldWide Sweden Small Cap;Sverige småbolag;14;4;13;18;0,37;12;2019-05-14
838383;Carnegie Asia;Asien;12;-13;32;12;0,42;15;2019-05-14
537639;Carnegie Fonder Portfolio - Carnegie Corporate Bond;Norden ränta;3;0;4;2;0,23;1;2019-05-14
505586;Carnegie Indienfond;Indien;5;-6;34;16;0,46;18;2019-05-14
214163;Carnegie Likviditetsfond;Sverige kortränta;0;-1;0;0;0,13;0;2019-05-14
249995;Carnegie Rysslandsfond;Ryssland;20;0;-5;9;0,46;14;2019-05-14
584912;Carnegie Småbolagsfond;Sverige småbolag;15;-10;7;11;0,37;12;2019-05-14
357483;Carnegie Strategifond;Varierande;13;-4;7;8;0,35;8;2019-05-14
393314;Carnegie Sverigefond;Sverige;16;-8;11;9;0,34;13;2019-05-14
112755;Catella Avkastningsfond;Övriga räntefonder;1;-1;1;0;0,28;1;2019-05-14
184416;Catella Småbolagsfond ;Sverige småbolag;17;-11;2;11;0,57;14;2019-05-14
220244;Catella Sverige Aktiv Hållbarhet;Sverige;15;-8;7;5;0,58;12;2019-05-14
838441;Catella Sverige Hållbart Beta;Sverige;17;-4;9;9;0,29;12;2019-05-14
309492;CB European Quality Fund;Europa;24;-9;17;9;0,85;13;2019-05-14
976506;CB Fund - Save Earth Fund;Övriga branscher;22;-5;17;11;0,69;12;2019-05-13
384750;Cicero Avkastningsfond;Sverige lång och realränta;1;0;2;1;0,20;1;2019-05-14
579425;Cicero China Index A;Kina;15;-4;17;7;0,32;16;2019-05-14
543595;Cicero Emerging Markets Index A;Nya marknader;12;-8;23;3;0,31;11;2019-05-14
972901;Cicero Focus;Sverige;10;-13;5;5;0,42;11;2019-05-14
670505;Cicero Nordic Corporate Bond;Norden ränta;2;1;4;2;0,29;1;2019-05-14
959502;Cicero World 0-100;Varierande;10;-7;4;3;0,46;8;2019-05-14
187898;Cicero World 0-50;Varierande;6;-3;2;2;0,44;4;2019-05-14
920074;Cliens Mixfond;Varierande;10;-6;3;6;0,62;7;2019-05-14
955906;Cliens Räntefond Kort;Norden ränta;1;0;-1;0;0,21;1;2019-05-14
725101;Cliens Småbolag A;Sverige småbolag;27;8;15;-;0,87;-;2019-05-14
422709;Coeli - Global Select Fund;Global;20;-5;17;-;0,56;12;2019-05-14
386870;Coeli - Nordic Corporate Bond Fund;Norden ränta;2;1;3;-;0,36;1;2019-05-14
613729;Danske Invest  SICAV- SRI Global;Global;20;-1;10;14;0,26;12;2019-05-14
891804;Danske Invest Allocation SICAV- Horisont Aktie;Global och Sverige;17;-6;9;9;0,56;11;2019-05-14
927632;Danske Invest Allocation SICAV- Horisont Balanserad;Balanserad;11;-4;7;6;0,44;7;2019-05-14
696658;Danske Invest Allocation SICAV- Horisont Offensiv;Aggressiv;14;-5;8;7;0,51;9;2019-05-14
732487;Danske Invest Allocation SICAV- Horisont Ränta;Global ränta;2;0;2;2;0,27;1;2019-05-14
963462;Danske Invest Allocation SICAV-Horisont Försiktig;Försiktig;7;-3;4;4;0,38;4;2019-05-14
408898;Danske Invest SICAV - Global Corporate Bonds;Global ränta;4;-1;2;2;0,35;2;2019-05-14
432096;Danske Invest SICAV - Global Stockpicking;Global;17;-1;8;12;0,62;13;2019-05-14
973263;Danske Invest SICAV-  Sverige;Sverige;16;-7;11;6;0,47;12;2019-05-14
901181;Danske Invest SICAV- Europe;Europa;-;-;-;-;0,53;-;2019-05-14
252411;Danske Invest SICAV- Global Index;Global;21;-1;10;14;0,24;12;2019-05-14
865774;Danske Invest SICAV- Sverige Kort Ränta;Sverige kortränta;0;0;0;0;0,13;0;2019-05-14
901603;Danske Invest SICAV- Sverige Ränta;Sverige lång och realränta;1;0;0;2;0,21;1;2019-05-14
829945;Danske Invest SICAV-Aktiv Förmögenhetsförvaltning;Balanserad;9;-3;5;4;0,46;6;2019-05-14
571695;Delphi Europe;Europa;15;-14;10;5;0,37;13;2019-05-13
352468;Delphi Global;Global;18;-8;12;11;0,35;13;2019-05-13
388298;Delphi Nordic;Norden;12;-11;11;12;0,37;13;2019-05-13
291906;Didner & Gerge Aktiefond;Sverige;15;-16;10;7;0,30;14;2019-05-14
541235;Didner & Gerge Global;Global;19;-6;18;14;0,35;12;2019-05-14
140491;Didner & Gerge Småbolag;Norden;15;-7;9;13;0,32;13;2019-05-14
341305;Didner & Gerge US Small and Microcap;USA och Nordamerika;18;-3;9;-;0,35;-;2019-05-14
362327;DNB Fund - Asian Small Cap;Asien;17;-17;33;14;0,68;16;2019-05-08
819029;DNB Fund - Global Emerging Markets ESG;Nya marknader;18;-13;28;9;0,66;12;2019-05-08
503573;DNB Fund - Global ESG;Global;29;-2;9;13;0,56;15;2019-05-10
481671;DNB Fund - India;Indien;10;-2;28;16;0,61;18;2019-05-10
242495;DNB Fund - Nordic Equities;Norden;18;-8;11;10;0,52;12;2019-05-10
445841;DNB Fund - Private Equity;Global;29;-10;16;14;0,62;15;2019-05-10
723270;DNB Global Indeks;Global;21;-1;10;14;0,19;13;2019-05-13
759100;DNB Grönt Norden;Norden;16;-4;13;11;0,59;11;2019-05-13
517508;DNB Health Care;Läkemedel och bioteknik;10;14;10;17;0,52;13;2019-05-13
687442;DNB SMB;Övriga länder;21;-5;-2;7;0,59;18;2019-05-13
191676;DNB Teknologi;IT och kommunikation;22;10;25;26;0,52;16;2019-05-13
651612;DNB USA Indeks;USA och Nordamerika;23;3;8;17;0,20;15;2019-05-13
872382;East Capital Balkan;Östeuropa;8;-15;20;4;0,66;13;2019-05-14
673699;East Capital China Environmental;Kina;10;-29;15;5;0,66;18;2019-05-14
178624;East Capital Global Emerging Markets  Sustainable;Aggressiv;17;-17;29;11;0,48;14;2019-05-14
870907;East Capital Global Frontier Markets;Nya marknader;14;-14;22;-;0,66;10;2019-05-14
536276;East Capital Multi-Strategi;Balanserad;12;-10;3;-;0,48;6;2019-05-14
552984;East Capital Nya Europa;Östeuropa;9;-11;21;7;0,66;10;2019-05-14
834788;East Capital Ryssland;Ryssland;24;-3;-1;8;0,66;16;2019-05-14
442483;East Capital Östeuropa;Östeuropa;17;-15;12;6;0,66;13;2019-05-14
134593;Enter Cross Credit;Sverige kortränta;1;0;2;1;0,30;0;2019-05-14
490706;Enter Preserve;Varierande;13;-7;5;6;0,62;7;2019-05-14
356477;Enter Return;Övriga räntefonder;1;-1;1;1;0,30;0;2019-05-14
643700;Enter Select;Sverige;21;-12;12;9;0,73;13;2019-05-14
589101;Enter Småbolagsfond;Sverige småbolag;22;-4;11;-;0,66;13;2019-05-14
170423;Enter Sverige;Sverige;20;-12;10;8;0,73;13;2019-05-14
657460;Evli Finland Mix;Varierande;9;1;9;9;0,54;7;2019-05-13
426726;Evli Statsobligation;Europa ränta;8;5;3;6;0,26;7;2019-05-13
610410;Evli Sverige Aktieindex;Sverige;15;-8;8;6;0,25;12;2019-05-13
420463;Evli Sverige Småbolag;Sverige småbolag;26;-3;8;13;0,57;15;2019-05-13
866715;Fidelity Funds - America Fund;USA och Nordamerika;15;1;-2;14;0,89;14;2019-05-14
795054;Fidelity Funds - Asian Special Situations Fund;Asien;17;-7;27;14;0,89;12;2019-05-14
759225;Fidelity Funds - China Consumer Fund;Kina;23;-14;37;15;0,89;15;2019-05-14
150110;Fidelity Funds - Emerging Asia Fund;Nya marknader;15;-5;29;15;0,89;13;2019-05-14
978452;Fidelity Funds - Emerging Markets Fund;Nya marknader;19;-14;28;10;0,89;12;2019-05-14
942623;Fidelity Funds - European Dynamic Growth Fund;Europa;27;-2;18;14;0,89;13;2019-05-14
906792;Fidelity Funds - Global High Yield Fund;Global ränta;15;4;-4;11;0,42;9;2019-05-14
390187;FIM Artificiell Intelligens Placeringsfond;Global;17;-7;12;5;0,62;13;2019-05-13
432153;FIM Brands;Global;22;0;10;12;0,73;13;2019-05-13
670091;FIM Emerging Markets ESG;Nya marknader;15;-8;26;10;0,76;11;2019-05-13
191908;FIM Euro;Europa ränta;8;5;3;7;0,24;7;2019-05-13
755090;FIM Europa;Europa;18;-9;9;7;0,73;12;2019-05-13
324665;FIM Fenno Placeringsfond;Övriga länder;13;-4;9;9;0,66;12;2019-05-13
413021;FIM Frontier Placeringsfond;Nya marknader;13;-7;7;5;0,76;9;2019-05-13
360495;FIM USA;USA och Nordamerika;21;0;5;15;0,63;14;2019-05-13
976928;Folksam LO Sverige;Sverige;15;-7;12;9;0,18;12;2019-05-14
941096;Folksam LO Världen;Global;20;2;10;14;0,18;13;2019-05-14
202002;Fondita 2000+ Placeringsfond;Global;22;-2;17;14;0,80;14;2019-05-14
273664;Fondita Equity Spice Placeringsfond;Övriga länder;17;-12;6;9;0,80;14;2019-05-14
392308;Fondita European Micro Cap Placeringsfond;Europa småbolag;22;-21;-;-;0,80;-;2019-05-14
356063;Fondita European Small Cap Placeringsfond;Europa småbolag;26;-19;26;11;0,80;16;2019-05-14
724633;Fondita European Top Picks B;Europa;24;-14;10;7;0,80;14;2019-05-14
785493;Fondita Nordic Micro Cap Placeringsfond;Norden;14;-18;10;7;0,80;14;2019-05-14
237834;Fondita Nordic Small Cap Placeringsfond;Norden;21;-10;12;10;0,80;13;2019-05-14
666495;Franklin European Growth Fund;Europa;16;-14;10;4;0,73;13;2019-05-13
170894;Franklin India Fund;Indien;7;-8;25;15;0,75;17;2019-05-13
717496;Franklin Mutual Global Discovery Fund;Global;18;-7;1;9;0,73;12;2019-05-13
384107;Franklin U.S. Opportunities Fund;USA och Nordamerika;28;6;15;20;0,72;16;2019-05-13
563254;Franklin US Equity Fund;USA och Nordamerika;24;1;1;14;0,73;14;2019-05-13
201111;GodFond Sverige & Världen;Global och Sverige;17;-5;13;10;0,24;11;2019-05-14
929224;Handelsbanken  USA Index Criteria ;USA och Nordamerika;22;4;10;18;0,16;14;2019-05-14
821736;Handelsbanken Amerika Småbolag Tema;USA och Nordamerika;22;-3;15;17;0,32;16;2019-05-14
840033;Handelsbanken Amerika Tema;USA och Nordamerika;24;1;15;17;0,34;15;2019-05-14
504100;Handelsbanken Asien Tema;Asien;19;-9;36;16;0,32;13;2019-05-14
715664;Handelsbanken EMEA Tema;Aggressiv;16;-17;7;4;0,32;13;2019-05-14
750075;Handelsbanken Emerging Markets Index;Nya marknader;13;-9;23;9;0,21;12;2019-05-14
629543;Handelsbanken Europa Index Criteria ;Europa;19;-8;13;8;0,16;11;2019-05-14
362020;Handelsbanken Europa Tema;Europa;20;-7;15;8;0,34;13;2019-05-14
653501;Handelsbanken Företagsobligation;Övriga räntefonder;2;0;1;-;0,21;1;2019-05-14
785907;Handelsbanken Global Index Criteria;Global;20;-2;14;14;0,18;12;2019-05-14
123679;Handelsbanken Global Tema;Global;23;-7;20;14;0,31;14;2019-05-14
644005;Handelsbanken Hälsovård Tema;Aggressiv;11;12;14;16;0,32;14;2019-05-14
687509;Handelsbanken Hållbar Energi;Råvaror och energi;22;-15;22;-;0,33;15;2019-05-14
203182;Handelsbanken Japan Tema;Japan;18;-14;20;13;0,34;15;2019-05-14
617670;Handelsbanken Kinafond;Kina;21;-9;37;-;0,37;15;2019-05-14
718205;Handelsbanken Kortränta;Sverige kortränta;0;0;0;0;0,11;0;2019-05-14
679837;Handelsbanken Latinamerikafond;Latinamerika;11;-6;15;4;0,33;21;2019-05-14
524702;Handelsbanken Långränta;Sverige lång och realränta;1;1;1;2;0,18;2;2019-05-14
154302;Handelsbanken Multi Asset 50;Balanserad;9;-2;8;6;0,32;6;2019-05-13
811117;Handelsbanken Nordenfond;Norden;13;-6;14;9;0,32;11;2019-05-14
751495;Handelsbanken Nordiska Småbolagsfond;Norden;18;0;12;15;0,34;13;2019-05-14
167114;Handelsbanken Pension 40;Pension om mindre än 10 år;5;0;4;4;0,00;3;2019-05-13
314682;Handelsbanken Pension 50;Pension om mindre än 10 år;9;-1;8;7;0,00;6;2019-05-13
350512;Handelsbanken Pension 60;Pension om mer än 10 år;15;-2;12;11;0,00;10;2019-05-13
278853;Handelsbanken Pension 70;Pension om mer än 10 år;18;-3;13;11;0,00;11;2019-05-13
243022;Handelsbanken Pension 80;Pension om mer än 10 år;18;-3;13;11;0,00;11;2019-05-13
337709;Handelsbanken Pension 90;Pension om mer än 10 år;18;-2;13;-;0,00;11;2019-05-13
110098;Handelsbanken Råvarufond;Råvaror och energi;18;2;3;0;0,22;14;2019-05-13
952010;Handelsbanken Svenska Småbolagsfond;Sverige småbolag;18;-3;11;15;0,32;14;2019-05-14
893396;Handelsbanken Sverige Index Criteria;Sverige;16;-5;8;8;0,21;11;2019-05-14
465914;Handelsbanken Sverige OMXSB Index;Sverige;16;-5;10;8;0,16;12;2019-05-14
916189;Handelsbanken Sverigefond;Sverige;21;-8;8;9;0,26;13;2019-05-14
987842;Handelsbanken Tillväxtmarknad Tema;Nya marknader;17;-8;30;12;0,34;12;2019-05-14
857565;Handelsbanken Tillväxtmarknadsfond Obligation;Tillväxtmarknad ränta;9;-5;4;4;0,21;9;2019-05-14
825274;HealthInvest Small & MicroCap Fund;Varierande;13;-9;26;20;0,62;14;2019-05-10
282632;Holberg Global;Global;24;-4;17;15;0,62;12;2019-05-14
980284;Holberg Kreditt;Norden ränta;11;6;2;4;0,35;7;2019-05-14
354290;Holberg Norden;Norden;24;-12;12;10;0,62;16;2019-05-14
318469;Holberg Norge;Övriga länder;27;1;11;11;0,62;15;2019-05-14
116111;Holberg Rurik;Nya marknader;12;-18;27;7;0,80;12;2019-05-14
674101;Holberg Triton;Övriga branscher;7;15;-6;-;0,80;13;2019-05-14
307306;Indecap Guide 1;Varierande;3;0;1;-;0,36;-;2019-05-13
271478;Indecap Guide 2;Global och Sverige;18;-2;10;-;0,43;-;2019-05-13
460303;Indecap Guide Q30;Sverige;16;-5;-;-;0,20;-;2019-05-13
772038;INVL Baltic Fund;Östeuropa;14;-6;22;13;0,86;10;2019-05-13
989962;INVL Emerging Europe Bond Subfund;Tillväxtmarknad ränta;8;0;8;7;0,42;5;2019-05-13
161620;INVL Emerging Europe ex Russia TOP20 Subfund;Östeuropa;13;-8;20;7;0,89;11;2019-05-13
125799;INVL Russia TOP20 Subfund;Ryssland;19;-3;1;12;0,80;15;2019-05-13
233585;JPMorgan Funds - China Fund A (dist);Kina;32;-17;44;18;0,65;17;2019-05-10
305243;JPMorgan Funds - Emerging Markets Equity Fund A (dist);Nya marknader;22;-9;28;12;0,64;13;2019-05-13
405290;JPMorgan Funds - Global Dynamic Fund D (acc);Global;16;-5;10;11;0,80;13;2019-05-13
938498;JPMorgan Funds - Global Natural Resources Fund D (acc);Råvaror och energi;16;-8;7;1;0,80;15;2019-05-13
333633;JPMorgan Funds - India Funds D (acc);Indien;5;-5;23;12;0,80;19;2019-05-13
369462;JPMorgan Funds - Latin America Equity Fund D (acc);Latinamerika;13;-3;14;3;0,80;20;2019-05-13
996348;JPMorgan Investement Funds - Global Balanced Fund A (acc);Varierande;12;-3;13;8;0,57;8;2019-05-13
275495;JPMorgan Investement Funds - Japan Select Equity Fund A (acc);Japan;14;-8;16;13;0,66;12;2019-05-13
296152;KPA Etisk Aktiefond;Global och Sverige;17;-1;11;11;0,18;11;2019-05-14
224493;KPA Etisk Blandfond 2;Aggressiv;11;-3;8;8;0,18;8;2019-05-14
891507;Lannebo Europa Småbolag;Europa småbolag;21;-23;27;-;0,46;-;2019-05-14
942508;Lannebo Komplett;Balanserad;10;-4;9;8;0,42;7;2019-05-14
478313;Lannebo Likviditetsfond;Sverige kortränta;1;0;1;0;0,12;0;2019-05-14
878520;Lannebo Mixfond;Varierande;14;-5;7;8;0,42;8;2019-05-14
861104;Lannebo Mixfond Offensiv;Varierande;17;-6;11;11;0,42;11;2019-05-14
842690;Lannebo Småbolag;Sverige småbolag;20;-2;13;16;0,45;12;2019-05-14
806869;Lannebo Sverige;Sverige;10;-1;8;9;0,45;12;2019-05-14
490292;Lannebo Sverige Plus;Sverige;10;-1;10;10;0,53;13;2019-05-14
771030;Lannebo Vision;Global;20;8;17;24;0,45;16;2019-05-14
102897;Lundmark Aktiv Europa;Europa;15;-8;17;9;0,60;13;2019-05-14
385401;Länsförsäkringar Asienfond;Asien;16;-10;25;12;0,35;13;2019-05-14
492306;Länsförsäkringar Europa Aktiv;Europa;16;-6;9;8;0,34;11;2019-05-14
479840;Länsförsäkringar Europa Indexnära;Europa;18;-7;14;8;0,16;11;2019-05-14
494302;Länsförsäkringar Fastighet Europa;Fastighet;22;-;-;-;0,32;-;2019-05-14
313742;Länsförsäkringar Fastighetsfond;Fastighet;22;14;12;20;0,32;14;2019-05-14
458471;Länsförsäkringar FossilSmart;Global;21;-;-;-;0,22;-;2019-05-14
874560;Länsförsäkringar Företagsobligation Norden;Norden ränta;2;-2;3;1;0,20;2;2019-05-14
563965;Länsförsäkringar Global Hållbar;Global;21;-4;10;11;0,33;13;2019-05-14
658997;Länsförsäkringar Global Indexnära;Global;20;-1;11;14;0,16;12;2019-05-14
212621;Länsförsäkringar Global Strategisk Ränta;Global ränta;2;-4;2;0;0,22;2;2019-05-13
470104;Länsförsäkringar Japan Indexnära;Japan;12;-5;14;-;0,16;12;2019-05-14
838730;Länsförsäkringar Kort Ränta Företag;Sverige kortränta;1;-1;0;0;0,13;0;2019-05-14
420646;Länsförsäkringar Kort Räntefond;Sverige kortränta;0;-1;0;0;0,12;0;2019-05-14
242081;Länsförsäkringar Lång Räntefond;Sverige lång och realränta;2;1;0;2;0,16;2;2019-05-14
599795;Länsförsäkringar Mix;Balanserad;13;-6;7;5;0,33;7;2019-05-14
515676;Länsförsäkringar Småbolag Sverige;Sverige småbolag;24;5;12;17;0,35;13;2019-05-14
814772;Länsförsäkringar Sparmål 2015;Pension om mindre än 10 år;9;-3;6;6;0,20;5;2019-05-13
778944;Länsförsäkringar Sparmål 2020;Pension om mindre än 10 år;10;-3;7;8;0,20;6;2019-05-13
743112;Länsförsäkringar Sparmål 2025;Pension om mer än 10 år;14;-2;9;10;0,20;8;2019-05-13
707281;Länsförsäkringar Sparmål 2030;Pension om mer än 10 år;15;-2;9;11;0,20;9;2019-05-13
671453;Länsförsäkringar Sparmål 2035;Pension om mer än 10 år;16;-3;10;11;0,20;10;2019-05-13
635623;Länsförsäkringar Sparmål 2040;Pension om mer än 10 år;17;-3;10;11;0,20;10;2019-05-13
832360;Länsförsäkringar Sparmål 2045;Pension om mer än 10 år;18;-3;10;11;0,20;11;2019-05-13
140905;Länsförsäkringar Sparmål 2050;Pension om mer än 10 år;18;-3;10;-;0,20;11;2019-05-13
105072;Länsförsäkringar Sparmål 2055;Pension om mer än 10 år;18;-3;10;-;0,20;11;2019-05-13
969246;Länsförsäkringar Sparmål 2060;Pension om mer än 10 år;18;-3;10;-;0,20;11;2019-05-13
528133;Länsförsäkringar Sverige Aktiv;Sverige;16;-7;12;11;0,31;13;2019-05-14
587337;Länsförsäkringar Sverige Indexnära;Sverige;15;-5;10;8;0,16;12;2019-05-14
206250;Länsförsäkringar Tillväxtmarknad Aktiv;Nya marknader;15;-8;26;10;0,38;12;2019-05-14
434274;Länsförsäkringar Tillväxtmarknad Indexnära;Nya marknader;13;-7;23;-;0,19;12;2019-05-14
456475;Länsförsäkringar USA Aktiv;USA och Nordamerika;19;1;7;16;0,34;14;2019-05-14
551507;Länsförsäkringar USA Indexnära;USA och Nordamerika;22;3;9;18;0,16;14;2019-05-14
152835;Lärarfond 21-44 år;Global och Sverige;18;-4;13;11;0,23;12;2019-05-14
117002;Lärarfond 45-58 år;Varierande;12;-2;10;8;0,23;8;2019-05-14
981175;Lärarfond 59+;Varierande;5;-1;4;3;0,23;4;2019-05-14
119776;Monyx Strategi Balanserad;Balanserad;9;-3;7;5;0,37;6;2019-05-13
762880;Monyx Strategi Offensiv;Global;17;-5;13;10;0,40;12;2019-05-13
983940;Monyx Strategi Sverige/Världen;Varierande;11;-5;7;5;0,37;9;2019-05-13
912287;Monyx Strategi Världen;Aggressiv;13;-4;10;8;0,37;9;2019-05-13
615310;Naventi Balanserad Flex;Varierande;15;-8;7;6;0,54;9;2019-05-14
447086;Naventi Defensiv Flex;Försiktig;7;-5;6;3;0,48;5;2019-05-14
727057;Naventi Offensiv Flex;Global;22;-9;8;9;0,61;13;2019-05-14
809699;NN (L) Alternative Beta ;Varierande;11;5;-4;10;0,57;9;2019-05-14
992099;NN (L) Asia Income;Asien;12;-3;19;11;0,76;11;2019-05-14
323832;NN (L) Emerging Markets Debt (Hard Currency);Tillväxtmarknad ränta;11;-5;12;6;0,42;8;2019-05-14
140434;NN (L) Emerging Markets Debt (Local Currency) ;Tillväxtmarknad ränta;6;-1;6;2;0,42;7;2019-05-14
848770;NN (L) EURO Equity ;Europa;18;-13;16;8;0,66;13;2019-05-14
288001;NN (L) Euromix Bond;Europa ränta;6;5;1;4;0,36;6;2019-05-14
899773;NN (L) European Equity ;Europa;21;-9;14;9;0,66;12;2019-05-14
857037;NN (L) First Class Protection;Varierande;7;0;4;3;0,44;6;2019-05-14
523050;NN (L) Global Equity Impact Opportunities;Global;20;-5;19;11;0,73;13;2019-05-14
558882;NN (L) Global Real Estate;Fastighet;19;2;-3;10;0,66;13;2019-05-14
594713;NN (L) Global Sustainable Equity;Global;23;-4;11;13;0,73;13;2019-05-14
666370;NN (L) Greater China Equity ;Kina;18;-5;23;16;0,76;12;2019-05-14
401695;NN (L) Information Technology;IT och kommunikation;27;2;17;23;0,73;17;2019-05-14
920439;NN (L) Japan Equity;Japan;12;-10;15;12;0,66;13;2019-05-14
956268;NN (L) Latin America Equity ;Latinamerika;12;-1;7;3;0,76;21;2019-05-14
494427;Nordea Far East Fund;Asien;18;-13;37;13;0,32;14;2019-05-14
430975;Nordea Generationsfond 50-tal;Pension om mindre än 10 år;7;-4;8;7;0,19;6;2019-05-14
359315;Nordea Generationsfond 60-tal;Pension om mer än 10 år;16;-4;12;11;0,19;11;2019-05-14
287656;Nordea Generationsfond 70-tal;Pension om mer än 10 år;16;-4;12;11;0,19;11;2019-05-14
215996;Nordea Generationsfond 80-tal;Pension om mer än 10 år;16;-4;12;11;0,19;11;2019-05-14
596429;Nordea Generationsfond 90-tal;Pension om mer än 10 år;16;-4;11;11;0,19;11;2019-05-14
502633;Nordea Generationsfond Senior;Pension om mindre än 10 år;3;-1;3;3;0,19;2;2019-05-14
167239;Nordea Nya Tillväxtmarknader;Nya marknader;16;-9;6;2;0,35;14;2019-05-14
648964;Nordea Obligationsfond;Sverige lång och realränta;3;2;0;3;0,16;3;2019-05-14
613133;Nordea Swedish Bond Stars;Sverige kortränta;0;0;0;0;0,12;0;2019-05-14
203067;Nordea Swedish Stars;Sverige;18;-11;18;8;0,29;13;2019-05-14
133116;Norron Sicav-Target;Balanserad;3;-3;3;2;0,62;5;2019-05-14
419101;Odin Emerging Markets;Nya marknader;8;-5;21;7;0,69;12;2019-05-14
526590;Odin Energi;Råvaror och energi;19;-10;-6;-9;0,68;17;2019-05-14
280867;Odin Europa;Europa;20;-16;19;7;0,68;15;2019-05-14
634386;Odin Finland;Övriga länder;18;-4;6;10;0,68;12;2019-05-14
562421;Odin Global;Global;28;-3;15;14;0,54;14;2019-05-14
598557;Odin Norden;Norden;23;-13;7;10;0,66;13;2019-05-14
562728;Odin Norge;Övriga länder;18;-1;11;10;0,54;13;2019-05-14
450981;Odin Sverige;Sverige;23;-6;13;14;0,45;14;2019-05-14
443309;OPM Global Quality Companies;Global;18;7;8;-;0,31;11;2019-05-13
341362;OPM Listed Private Equity;Global;27;-9;21;14;0,35;15;2019-05-13
167643;Pareto Global;Global;19;-12;12;-;0,66;15;2019-05-13
606103;Pareto Global Corporate Bond;Global ränta;3;-5;4;-;0,42;3;2019-05-13
917955;Pictet Asian Equities (Ex Japan);Asien;19;-15;35;14;0,79;14;2019-05-14
260919;Pictet Biotech;Läkemedel och bioteknik;19;-9;12;12;0,79;22;2019-05-14
887497;Pictet Clean Energy;Råvaror och energi;23;-12;12;7;0,79;14;2019-05-14
296749;Pictet Digital;IT och kommunikation;24;0;23;21;0,79;14;2019-05-14
368407;Pictet Emerging Europe;Östeuropa;19;-15;15;4;0,79;14;2019-05-14
404236;Pictet Emerging Markets;Nya marknader;17;-15;20;8;0,79;12;2019-05-14
280925;Pictet EUR Bonds;Europa ränta;10;3;3;7;0,38;7;2019-05-13
352583;Pictet EUR Corporate Bonds;Övriga räntefonder;9;1;5;5;0,38;6;2019-05-13
475897;Pictet European Equity Selection;Europa;19;-14;20;7;0,72;14;2019-05-14
810465;Pictet European Sustainable Equities;Europa;17;-6;13;9;0,61;11;2019-05-14
316752;Pictet Global Bonds;Global ränta;11;6;-3;8;0,38;8;2019-05-13
173435;Pictet Global Emerging Debt;Tillväxtmarknad ränta;14;2;-4;11;0,38;9;2019-05-13
690693;Pictet Global Megatrend Selection;Global;21;-4;15;13;0,79;12;2019-05-14
882126;Pictet Greater China;Kina;22;-13;36;15;0,79;15;2019-05-14
688986;Pictet Health;Läkemedel och bioteknik;14;7;3;12;0,79;14;2019-05-14
874271;Pictet Indian Equities;Indien;8;-6;21;15;0,79;16;2019-05-14
910109;Pictet Japanese Equities Opportunities;Japan;13;-12;17;14;0,74;13;2019-05-14
866897;Pictet Japanese Equity Selection;Japan;12;-10;13;13;0,72;14;2019-05-14
923383;Pictet Premium Brands;Global;22;-4;20;9;0,79;12;2019-05-14
558700;Pictet Robotics;Övriga branscher;28;-4;26;-;0,79;16;2019-05-14
925099;Pictet Russian Equities;Ryssland;22;2;-8;12;0,79;17;2019-05-14
968891;Pictet Security;Övriga branscher;23;0;12;16;0,79;14;2019-05-14
440065;Pictet Small Cap Europe;Europa småbolag;23;-16;22;10;0,79;15;2019-05-14
755033;Pictet Timber;Råvaror och energi;14;-15;15;8;0,79;16;2019-05-14
189258;Pictet Water;Råvaror och energi;22;-6;12;13;0,79;12;2019-05-14
376319;PineBridge Emerging Europe Equity Fund;Östeuropa;13;-3;9;5;0,62;12;2019-05-14
891036;PineBridge Europe Small Cap Equity Fund;Europa småbolag;25;-20;29;11;0,54;17;2019-05-14
483800;PineBridge Global Bond Fund;Global ränta;11;11;-7;10;0,40;10;2019-05-14
232991;PineBridge Global Emerging Markets Focus Equity Fund;Nya marknader;15;-14;30;9;0,59;12;2019-05-14
555466;PineBridge Global Focus Equity Fund;Global;22;-10;14;14;0,51;13;2019-05-14
246868;PineBridge Greater China Equity Fund;Kina;15;-8;25;10;0,85;12;2019-05-14
304659;PineBridge US Research Enhanced Core Equity Fund;USA och Nordamerika;20;2;9;18;0,54;13;2019-05-14
564849;Placeringsfond Nordea Europa;Europa;22;-16;12;-;0,31;13;2019-05-14
282517;Placeringsfond Nordea Global;Global;19;-3;12;14;0,24;13;2019-05-14
995571;Placeringsfond Nordea Globala Tillväxtmarknader;Nya marknader;15;-9;18;8;0,32;12;2019-05-14
469692;Placeringsfond Nordea Indien;Indien;7;-8;26;14;0,35;16;2019-05-14
218115;Placeringsfond Nordea Japan ;Japan;10;-11;13;11;0,25;13;2019-05-14
653097;Placeringsfond Nordea Kina;Kina;20;-12;34;15;0,34;14;2019-05-14
182287;Placeringsfond Nordea Nordamerikanska Aktier ;USA och Nordamerika;19;-1;11;16;0,25;14;2019-05-14
861757;Placeringsfond Nordea Nordiska Länder;Norden;17;-4;14;8;0,29;11;2019-05-14
131409;Placeringsfond Nordea Realränta;Sverige lång och realränta;2;1;1;3;0,16;3;2019-05-14
433862;Placeringsfond Nordea Ryssland;Ryssland;21;4;-1;12;0,35;15;2019-05-14
286294;Placeringsfond Nordea Småbolagsfond Norden;Norden;18;-7;17;14;0,32;12;2019-05-14
840090;Placeringsfond Nordea Stratega Ränta;Övriga räntefonder;3;0;2;2;0,18;2;2019-05-14
816249;Placeringsfond UB Asia REIT Plus;Fastighet;18;2;13;13;0,82;10;2019-05-14
744581;Placeringsfond UB EM Infra;Fastighet;9;3;12;10;0,73;9;2019-05-14
852079;Placeringsfond UB Europa REIT;Fastighet;19;-6;15;11;0,55;12;2019-05-14
887901;Placeringsfond UB Global REIT;Fastighet;20;-4;5;10;0,62;12;2019-05-14
780411;Placeringsfond UB Infra;Fastighet;17;1;13;11;0,61;11;2019-05-14
369876;Placeringsfond UB Nordamerika REIT;Fastighet;24;0;-7;-;0,55;16;2019-05-14
664482;Placeringsfonden Evli Corporate Bond ;Europa ränta;3;-3;4;2;0,32;2;2019-05-13
229625;Placeringsfonden Evli Emerging Markets Credit;Tillväxtmarknad ränta;9;-1;7;6;0,36;6;2019-05-13
764951;Placeringsfonden Evli Europa;Europa;21;-19;13;8;0,57;15;2019-05-13
570044;Placeringsfonden Evli Finland Select;Övriga länder;13;0;15;11;0,63;12;2019-05-13
793109;Placeringsfonden Evli Global;Global;18;-7;8;14;0,57;13;2019-05-13
700310;Placeringsfonden Evli High Yield ;Europa ränta;5;-4;7;4;0,35;3;2019-05-13
574582;PLaceringsfonden Evli Likviditet;Norden ränta;1;0;0;1;0,16;0;2019-05-13
668269;Placeringsfonden Evli Nordic;Norden;15;-5;13;13;0,57;11;2019-05-13
621631;Placeringsfonden Evli Short Corporate Bond;Europa ränta;8;3;5;5;0,23;6;2019-05-13
487108;Prior & Nilsson Realinvest;Global och Sverige;14;8;16;17;0,66;9;2019-05-13
328021;Prior & Nilsson Sverige Aktiv;Sverige;11;1;10;11;0,52;11;2019-05-13
607879;PriorNilsson Smart Global;Global;16;2;-;-;0,38;-;2019-05-13
301580;SEB Aktiesparfond;Global;12;-7;9;9;0,33;10;2019-05-14
914945;SEB Asienfond ex Japan;Asien;11;-6;25;11;0,39;12;2019-05-14
639633;SEB Asset Selection Lux Ack;Varierande;0;-7;-1;1;0,30;8;2019-05-14
651679;SEB Dynamic Bond Fund;Norden ränta;1;-1;1;-;0,20;1;2019-05-14
520759;SEB Dynamisk Aktiefond;Global;15;-8;16;13;0,31;12;2019-05-14
950774;SEB Emerging Marketsfond;Nya marknader;12;-6;24;11;0,39;11;2019-05-13
122432;SEB Europafond;Europa;17;-8;16;9;0,33;11;2019-05-14
556589;SEB Europafond Småbolag;Europa småbolag;13;-11;25;12;0,39;13;2019-05-14
405704;SEB Green Bond Fund;Global ränta;1;-1;0;4;0,16;1;2019-05-13
377432;SEB Japanfond;Japan;9;-9;9;12;0,35;12;2019-05-14
843284;SEB Korträntefond SEK;Sverige kortränta;0;-1;0;0;0,12;0;2019-05-14
823039;SEB Latinamerikafond;Latinamerika;13;5;11;5;0,39;20;2019-05-14
229922;SEB Läkemedelsfond;Läkemedel och bioteknik;7;8;9;13;0,35;13;2019-05-14
986604;SEB Nordamerikafond;USA och Nordamerika;15;-3;4;13;0,35;14;2019-05-14
484923;SEB Nordenfond;Norden;16;-9;15;10;0,32;12;2019-05-14
997403;SEB Pension Fund;Balanserad;8;-5;4;6;0,33;6;2019-05-13
810101;SEB Pension Fund Plus;Aggressiv;10;-5;4;-;0,35;-;2019-05-13
626705;SEB Pensionsfond Extra;Aggressiv;14;-6;-;-;0,35;-;2019-05-13
496497;SEB Realräntefond SEK (SEB Fund 3- SEB Index Linked Bond Fund);Sverige lång och realränta;2;1;0;3;0,17;2;2019-05-14
259903;SEB Rysslandfond - Lux;Ryssland;21;3;0;12;0,43;14;2019-05-14
158261;SEB Sverige Expanderad;Sverige;14;-6;10;8;0,31;11;2019-05-14
194092;SEB Teknologifond;IT och kommunikation;28;-3;19;20;0,35;17;2019-05-13
879114;SEB Världenfond;Aggressiv;9;-5;7;8;0,31;8;2019-05-14
449090;SEB Östeuropafond;Östeuropa;12;-6;8;6;0,39;12;2019-05-14
443721;Seligson & Co Euroobligation;Europa ränta;7;5;3;7;0,16;7;2019-05-14
479550;Seligson & Co Global Top 25 Brands;Global;22;3;14;18;0,29;12;2019-05-14
416982;Seligson & Co Global Top 25 Pharmaceuticals;Läkemedel och bioteknik;8;7;1;11;0,29;13;2019-05-14
303701;Sensor Sverige Select;Varierande;14;-4;15;9;0,47;10;2019-05-13
832717;Simplicity Företagsobligationer;Norden ränta;2;-1;4;2;0,34;1;2019-05-14
934711;Simplicity Global Corporate Bond;Global ränta;3;-3;4;2;0,37;2;2019-05-14
660290;Simplicity Kina;Kina;10;-8;19;12;0,77;11;2019-05-14
418699;Simplicity Likviditet;Sverige lång och realränta;0;0;1;1;0,12;0;2019-05-14
484980;Simplicity Norden;Norden;16;-4;10;11;0,64;11;2019-05-14
293902;Simplicity Småbolag Global;Aggressiv;21;-;-;-;0,60;-;2019-05-14
908509;Simplicity Småbolag Sverige;Sverige småbolag;20;0;13;-;0,38;-;2019-05-14
290304;Simplicity Sverige;Sverige;14;-1;17;-;0,38;11;2019-05-14
984187;SKAGEN Global;Global;22;-1;11;11;0,25;13;2019-05-14
501981;SKAGEN Kon-Tiki;Nya marknader;15;-14;20;6;0,37;13;2019-05-14
311027;SKAGEN m2;Fastighet;18;1;16;13;0,31;11;2019-05-14
252296;SKAGEN Tellus;Global ränta;10;3;1;6;0,18;6;2019-05-14
120014;SKAGEN Vekst;Global och Sverige;19;-10;12;7;0,25;13;2019-05-14
618629;Skandia Asien;Asien;19;-11;36;13;0,44;14;2019-05-14
654459;Skandia Europa Exponering;Europa;18;-6;13;8;0,17;11;2019-05-14
545426;Skandia Global Exponering;Global;20;-1;10;14;0,17;12;2019-05-14
582791;Skandia Japan Exponering;Japan;13;-6;12;13;0,17;12;2019-05-14
726117;Skandia Kapitalmarknadsfond;Sverige lång och realränta;1;1;0;2;0,20;2;2019-05-14
331983;Skandia Korträntefond;Sverige kortränta;0;-1;0;0;0,14;0;2019-05-14
256362;Skandia Nordamerika Exponering;USA och Nordamerika;22;2;9;17;0,17;14;2019-05-14
611657;Skandia Norden;Norden;16;-8;12;9;0,39;12;2019-05-14
469817;Skandia Realräntefond;Sverige lång och realränta;2;1;1;3;0,20;2;2019-05-14
546960;Skandia Smart Balanserad;Balanserad;9;-3;6;6;0,39;6;2019-05-14
403642;Skandia Smart Försiktig;Försiktig;3;-1;2;2;0,29;2;2019-05-14
367813;Skandia Smart Offensiv;Varierande;16;-5;11;10;0,39;11;2019-05-14
103606;Skandia Småbolag Sverige;Sverige småbolag;20;2;10;14;0,39;13;2019-05-14
292193;Skandia Sverige Exponering;Sverige;16;-5;10;8;0,17;12;2019-05-14
827105;Skandia Sverige Hållbar;Sverige;21;-6;-;-;0,39;-;2019-05-14
802900;Skandia Tillväxtmarknadsfond;Nya marknader;15;-12;26;9;0,47;11;2019-05-14
439471;Skandia Time Global;IT och kommunikation;21;10;25;26;0,39;16;2019-05-14
511139;Skandia USA;USA och Nordamerika;20;0;11;17;0,39;15;2019-05-14
475301;Skandia Världen;Global;21;1;16;14;0,39;12;2019-05-14
272898;Spiltan Aktiefond Småland;Sverige;27;-12;13;13;0,51;17;2019-05-14
339184;Spiltan Aktiefond Stabil;Sverige;21;-1;13;14;0,51;11;2019-05-14
152181;Spiltan Aktiefond Sverige;Sverige;24;-8;7;12;0,52;16;2019-05-14
358309;Spiltan Globalfond Investmentbolag;Global;22;-5;8;-;0,24;-;2019-05-14
560599;Spiltan Högräntefond;Norden ränta;2;2;5;3;0,27;1;2019-05-14
972497;Spiltan Räntefond Sverige;Sverige kortränta;1;0;2;1;0,10;0;2019-05-14
140673;SPP Aktiefond Europa;Europa;18;-7;14;8;0,16;11;2019-05-14
407064;SPP Aktiefond Global A;Global;19;-1;12;14;0,17;12;2019-05-14
176503;SPP Aktiefond Japan;Japan;13;-6;13;14;0,16;12;2019-05-14
912220;SPP Aktiefond Stabil A;Global;19;2;3;13;0,22;11;2019-05-14
212332;SPP Aktiefond Sverige;Sverige;16;-5;11;9;0,16;12;2019-05-14
248161;SPP Aktiefond USA;USA och Nordamerika;22;4;9;18;0,16;14;2019-05-14
971077;SPP Emerging Markets Plus;Nya marknader;14;-9;23;-;0,20;-;2019-05-14
459891;SPP Emerging Markets SRI;Nya marknader;13;-7;23;9;0,19;12;2019-05-14
331686;SPP Företagsobligationsfond A;Norden ränta;2;-1;2;1;0,14;1;2019-05-14
391482;SPP Generation 40-tal;Pension om mindre än 10 år;5;-1;3;4;0,18;3;2019-05-14
427310;SPP Generation 50-tal;Pension om mindre än 10 år;7;-1;6;7;0,18;5;2019-05-14
463141;SPP Generation 60-tal;Pension om mer än 10 år;15;-2;10;11;0,18;10;2019-05-14
498972;SPP Generation 70-tal;Pension om mer än 10 år;17;-3;10;11;0,18;11;2019-05-14
844522;SPP Generation 80-tal;Pension om mer än 10 år;17;-3;11;11;0,18;11;2019-05-14
473702;SPP Global Plus;Global;20;-2;13;-;0,18;12;2019-05-14
184119;SPP Global Solutions A;Aggressiv;18;-1;17;14;0,22;12;2019-05-14
721506;SPP Grön Obligationsfond A;Övriga räntefonder;1;0;1;-;0,13;1;2019-05-14
442897;SPP Korträntefond;Sverige kortränta;0;0;0;0;0,11;0;2019-05-14
534800;SPP Obligationsfond;Sverige lång och realränta;2;1;1;2;0,11;2;2019-05-14
706275;SPP Sverige Plus;Sverige;16;-3;11;-;0,17;-;2019-05-14
978981;Swedbank Robur Access Asien;Asien;14;-6;28;-;0,16;12;2019-05-14
755504;Swedbank Robur Access Europa;Europa;17;-7;13;-;0,16;11;2019-05-14
114819;Swedbank Robur Access Global;Global;20;0;11;-;0,16;12;2019-05-14
943159;Swedbank Robur Access Japan;Japan;13;-5;12;-;0,16;12;2019-05-14
719674;Swedbank Robur Access Sverige;Sverige;16;-5;10;-;0,16;12;2019-05-14
150649;Swedbank Robur Access USA;USA och Nordamerika;22;4;10;-;0,16;14;2019-05-14
785022;Swedbank Robur Aktiefond Pension;Global och Sverige;15;-2;15;12;0,18;11;2019-05-14
677534;Swedbank Robur Ethica Obligation;Sverige lång och realränta;1;1;0;2;0,13;1;2019-05-14
968420;Swedbank Robur Fastighet ;Fastighet;23;7;7;16;0,27;12;2019-05-14
928341;Swedbank Robur Medica;Läkemedel och bioteknik;13;10;-1;12;0,27;13;2019-05-14
749192;Swedbank Robur Mixfond Pension;Varierande;9;-1;6;7;0,18;6;2019-05-14
820852;Swedbank Robur Nordenfond;Norden;15;-9;12;7;0,27;12;2019-05-14
752204;Swedbank Robur Rysslandsfond;Ryssland;22;0;1;10;0,37;15;2019-05-14
717611;Swedbank Robur Räntefond Kort;Global ränta;0;0;0;0;0,10;0;2019-05-14
896761;Swedbank Robur Småbolagsfond Europa;Europa småbolag;23;-15;24;10;0,27;17;2019-05-14
860932;Swedbank Robur Småbolagsfond Norden;Norden;18;-3;15;12;0,27;14;2019-05-14
856682;Swedbank Robur Småbolagsfond Sverige;Sverige småbolag;19;-3;12;14;0,27;15;2019-05-14
283408;Swedbank Robur Technology;IT och kommunikation;29;5;30;25;0,27;17;2019-05-14
855387;Swedbank Robur Transfer 50;Pension om mindre än 10 år;4;0;3;3;0,19;3;2019-05-14
819557;Swedbank Robur Transfer 60;Pension om mer än 10 år;10;-2;5;5;0,19;7;2019-05-14
783720;Swedbank Robur Transfer 70;Pension om mer än 10 år;15;-3;9;7;0,19;10;2019-05-14
747899;Swedbank Robur Transfer 80;Pension om mer än 10 år;15;-3;10;8;0,19;10;2019-05-14
320762;Swedbank Robur Transfer 90;Pension om mer än 10 år;16;-4;10;9;0,19;11;2019-05-14
825109;Swedbank Robur Östeuropafond;Östeuropa;17;-4;11;8;0,29;11;2019-05-14
946285;Söderberg & Partners Proaktiv 75 PM;Varierande;12;-5;12;8;0,49;11;2019-05-14
982116;Söderberg & Partners Proaktiv 80 PM;Varierande;10;-4;9;6;0,49;9;2019-05-14
660704;TRIGON - New Europe Fund;Östeuropa;11;-2;28;10;0,89;11;2019-05-14
878223;Tundra Frontier Africa Fund;Nya marknader;12;-4;26;-4;0,86;17;2019-05-14
705806;Tundra Pakistan Fund;Övriga länder;-16;-26;-35;-6;0,86;19;2019-05-14
861229;Tundra Sustainable Frontier Fund;Nya marknader;3;-8;14;7;0,86;12;2019-05-14
762823;Tundra Vietnam Fund;Övriga länder;14;-7;26;15;0,86;17;2019-05-14
259499;UBS (Lux) Bond Fund - Global Flexible (EUR hedged) P-acc;Global ränta;8;3;5;6;0,33;6;2019-05-13
843698;UBS (Lux) Equity Fund - Asian Consumption (USD);Asien;20;-9;35;12;0,66;15;2019-05-14
364158;UBS (Lux) Equity Fund - Biotech (USD);Läkemedel och bioteknik;15;-6;14;14;0,66;23;2019-05-13
529016;UBS (Lux) Equity Fund - Euro Countries Opportunity (EUR);Europa;15;-7;14;-;0,59;12;2019-05-13
488932;UBS (Lux) Equity Fund - Global Sustainable (USD);Global;23;-2;11;-;0,66;13;2019-05-13
908806;UBS (Lux) Equity Fund - Greater China (USD);Kina;28;-6;40;23;0,69;15;2019-05-14
579136;UBS (Lux) Equity Fund - Health Care (USD);Läkemedel och bioteknik;16;4;5;14;0,66;14;2019-05-13
938902;UBS (Lux) Equity Fund - Japan (JPY);Japan;20;-14;19;13;0,52;15;2019-05-14
889261;UBS (Lux) Equity Fund - Mid Caps USA (USD);USA och Nordamerika;37;1;13;19;0,59;17;2019-05-13
614966;UBS (Lux) Equity Fund - Tech Opportunity (USD);IT och kommunikation;30;-1;30;24;0,66;18;2019-05-13
686626;UBS (Lux) Equity Fund - USA Multi Strategy (USD) P-acc;USA och Nordamerika;24;-1;11;17;0,59;14;2019-05-13
823500;UBS (Lux) Equity Sicav - Asian Smaller Companies (USD);Asien;16;-14;26;12;0,63;13;2019-05-14
806091;UBS (Lux) Equity Sicav - Brazil;Övriga länder;7;-3;8;3;0,63;31;2019-05-13
807867;UBS (Lux) Equity Sicav - Emerging Markets Sustainable;Nya marknader;14;-7;17;9;0,66;12;2019-05-13
322479;UBS (Lux) Equity Sicav - Euro Countries Income (EUR);Europa;14;-2;15;-;0,54;11;2019-05-13
384511;UBS (Lux) Equity Sicav - European Opportunity Unconstrained;Europa;18;0;10;10;0,66;13;2019-05-13
770263;UBS (Lux) Equity Sicav - Russia;Ryssland;19;2;-4;12;0,69;15;2019-05-13
116293;UBS (Lux) Equity Sicav - Small Caps Europe;Europa småbolag;22;-13;24;10;0,63;15;2019-05-13
626945;UBS (Lux) Equity Sicav - USA Growth B;USA och Nordamerika;28;7;18;20;0,66;15;2019-05-13
772509;UBS (Lux) Key Selection SICAV - Global Equities (USD);Global;25;-7;10;12;0,66;14;2019-05-13
722454;UBS (Lux) Strategy Fund - Balanced (EUR);Balanserad;13;-5;11;7;0,50;8;2019-05-10
794115;UBS (Lux) Strategy Fund - Growth (EUR);Aggressiv;14;-7;15;7;0,50;9;2019-05-10
144501;Ålandsbanken Euro Bond SEK;Europa ränta;2;-2;2;2;0,21;1;2019-05-13
955435;Ålandsbanken Euro High Yield;Europa ränta;9;3;8;7;0,26;6;2019-05-13
238832;Ålandsbanken Europe Value;Europa;16;-11;8;5;0,38;11;2019-05-13
989491;Ålandsbanken Global Aktie Placeringsfond;Global;18;-3;7;10;0,45;12;2019-05-13
521104;Ålandsbanken Norden Aktie Placeringsfond;Norden;14;-11;8;-;0,38;11;2019-05-13
239301;Ålandsbanken Premium 30 Placeringsfond;Försiktig;8;-6;2;3;0,36;5;2019-05-13
123901;Ålandsbanken Premium 50 Placeringsfond;Balanserad;11;-8;2;-;0,40;-;2019-05-13
295857;Öhman Etisk Emerging Markets;Nya marknader;16;-7;30;12;0,29;13;2019-05-14
570630;Öhman Etisk Index Europa;Europa;19;-6;12;8;0,25;12;2019-05-14
606467;Öhman Etisk Index Japan;Japan;13;-6;12;13;0,25;12;2019-05-14
642298;Öhman Etisk Index Pacific;Asien;19;-3;11;10;0,25;12;2019-05-14
577833;Öhman Etisk Index Sverige;Sverige;16;-5;9;8;0,21;12;2019-05-14
678128;Öhman Etisk Index USA;USA och Nordamerika;22;6;9;19;0,24;14;2019-05-14
660829;Öhman FRN Hållbar;Sverige kortränta;1;0;2;1;0,19;1;2019-05-14
104786;Öhman Företagsobligationsfond;Norden ränta;2;-1;3;2;0,26;1;2019-05-14
964767;Öhman Global Hållbar;Global;19;1;14;16;0,36;12;2019-05-14
294918;Öhman Kort Ränta;Sverige kortränta;0;-1;-1;0;0,10;0;2019-05-14
330746;Öhman Obligationsfond;Sverige lång och realränta;1;1;0;2;0,11;1;2019-05-14
844100;Öhman Realräntefond;Sverige lång och realränta;2;1;0;3;0,18;3;2019-05-14
694539;Öhman Småbolagsfond A;Sverige småbolag;20;-3;14;14;0,40;13;2019-05-14
904904;Öhman Sverige Hållbar A;Sverige;15;-9;8;6;0,36;12;2019-05-14
416867;Öhman Sweden Micro Cap;Sverige småbolag;22;-5;17;17;0,40;13;2019-05-14
